site,aa,k1,k2,k3,k4,k5,k6,k7,k8,k9,k10,k11,class,w,,p
1,N,0.67783,0.27537,0.04186,0.00447,0.00042,0.00004,0,0,0,0,0,1,0.087,+-,0.059
2,I,0,0.00008,0.00562,0.04599,0.13092,0.20209,0.2118,0.17271,0.12216,0.10685,0.00178,7,0.663,+-,0.172
3,H,0.02204,0.35801,0.38382,0.17006,0.05053,0.0122,0.00264,0.00055,0.00012,0.00003,0,3,0.242,+-,0.099
4,I,0.00382,0.28557,0.44203,0.20261,0.05338,0.0105,0.00177,0.00028,0.00004,0.00001,0,3,0.256,+-,0.092
5,R,0.35822,0.40764,0.17073,0.04855,0.01162,0.00255,0.00054,0.00011,0.00002,0.00001,0,2,0.146,+-,0.094
6,F,0.87811,0.11184,0.00936,0.00064,0.00004,0,0,0,0,0,0,1,0.063,+-,0.037
7,V,0.97333,0.02521,0.00137,0.00009,0.00001,0,0,0,0,0,0,1,0.053,+-,0.018
8,Q,0.72042,0.22532,0.04557,0.0074,0.0011,0.00016,0.00002,0,0,0,0,1,0.084,+-,0.062
9,S,0,0.01099,0.15725,0.32938,0.2798,0.14364,0.05452,0.01731,0.00509,0.002,0,4,0.416,+-,0.126
10,W,0.91502,0.0712,0.0113,0.002,0.00038,0.00007,0.00002,0,0,0,0,1,0.06,+-,0.036
11,P,0,0.00004,0.00279,0.02568,0.08497,0.15544,0.1953,0.19205,0.16408,0.17205,0.00759,7,0.719,+-,0.18
12,P,0.86618,0.11381,0.01716,0.00245,0.00035,0.00005,0.00001,0,0,0,0,1,0.066,+-,0.043
13,I,0.00883,0.31825,0.4181,0.18914,0.05223,0.01103,0.002,0.00034,0.00006,0.00001,0,3,0.25,+-,0.095
14,Y,0.42193,0.39918,0.13841,0.03258,0.00646,0.00118,0.00021,0.00004,0.00001,0,0,1,0.131,+-,0.086
15,C,0.95349,0.04222,0.00385,0.0004,0.00004,0.00001,0,0,0,0,0,1,0.055,+-,0.024
16,T,0,0.01361,0.15755,0.31447,0.2736,0.14908,0.06109,0.02106,0.00671,0.00283,0,4,0.421,+-,0.132
17,D,0,0,0.00195,0.03388,0.13365,0.22804,0.23312,0.17366,0.10925,0.08515,0.0013,7,0.655,+-,0.16
18,T,0,0,0.00075,0.01623,0.07914,0.16747,0.21359,0.19977,0.15861,0.15549,0.00895,7,0.718,+-,0.175
19,C,0.97981,0.01935,0.0008,0.00004,0,0,0,0,0,0,0,1,0.052,+-,0.015
20,Y,0,0,0.00015,0.00507,0.03662,0.10812,0.18273,0.21586,0.20645,0.23108,0.01393,10,0.774,+-,0.17
21,R,0,0,0,0,0.00001,0.00009,0.00075,0.00394,0.01503,0.06082,0.91936,11,1.453,+-,0.159
22,K,0,0.00001,0.00223,0.03595,0.13531,0.22484,0.22806,0.1715,0.11063,0.08955,0.00193,7,0.657,+-,0.164
23,Q,0,0,0,0.00016,0.00255,0.01551,0.05164,0.11535,0.20002,0.38346,0.2313,10,1.011,+-,0.284
24,S,0,0,0,0,0,0,0.00006,0.00049,0.00285,0.01666,0.97994,11,1.489,+-,0.08
25,K,0,0.00021,0.01441,0.09682,0.21381,0.24965,0.19619,0.12021,0.06456,0.04388,0.00026,6,0.586,+-,0.161
26,F,0.98721,0.01245,0.00033,0.00001,0,0,0,0,0,0,0,1,0.051,+-,0.012
27,Y,0.95405,0.04345,0.00236,0.00013,0.00001,0,0,0,0,0,0,1,0.055,+-,0.023
28,T,0.17107,0.46028,0.25815,0.08344,0.02109,0.00471,0.00099,0.00021,0.00004,0.00001,0,2,0.184,+-,0.097
29,H,0.98914,0.01061,0.00025,0.00001,0,0,0,0,0,0,0,1,0.051,+-,0.011
30,G,0.94089,0.05225,0.00596,0.00077,0.00011,0.00002,0,0,0,0,0,1,0.057,+-,0.028
31,L,0.11935,0.41168,0.29504,0.12096,0.03848,0.01073,0.0028,0.00071,0.00019,0.00007,0,2,0.21,+-,0.108
32,W,0.91502,0.0712,0.0113,0.002,0.00038,0.00007,0.00002,0,0,0,0,1,0.06,+-,0.036
33,T,0.90668,0.08349,0.00885,0.00089,0.00009,0.00001,0,0,0,0,0,1,0.06,+-,0.034
34,A,0.83954,0.14301,0.01589,0.00144,0.00012,0.00001,0,0,0,0,0,1,0.068,+-,0.044
35,D,0.01267,0.48178,0.39161,0.09759,0.01449,0.00167,0.00017,0.00002,0,0,0,2,0.213,+-,0.075
36,S,0.76592,0.19643,0.03266,0.00438,0.00054,0.00006,0.00001,0,0,0,0,1,0.078,+-,0.055
37,A,0,0.00005,0.00944,0.09005,0.22182,0.25987,0.19707,0.11644,0.06169,0.04293,0.00061,6,0.586,+-,0.158
38,G,0.95337,0.04231,0.00387,0.0004,0.00004,0.00001,0,0,0,0,0,1,0.055,+-,0.024
39,F,0,0,0,0,0.00018,0.0021,0.01195,0.04131,0.10329,0.2725,0.56866,11,1.24,+-,0.304
40,S,0.01838,0.23064,0.33582,0.23243,0.11318,0.0453,0.01616,0.00543,0.00182,0.00085,0,3,0.294,+-,0.131
41,L,0.04773,0.26755,0.30998,0.2027,0.1012,0.04349,0.01713,0.00646,0.00246,0.00131,0,3,0.28,+-,0.14
42,E,0,0,0.00001,0.00073,0.008,0.03564,0.09032,0.15865,0.22297,0.35761,0.12608,10,0.92,+-,0.249
43,N,0,0,0.00031,0.00697,0.04,0.10552,0.17134,0.20397,0.20313,0.24213,0.02662,10,0.786,+-,0.19
44,C,0.88036,0.10355,0.01402,0.00181,0.00023,0.00003,0,0,0,0,0,1,0.064,+-,0.04
45,K,0,0.00004,0.00595,0.06136,0.17682,0.24633,0.21883,0.14645,0.08396,0.05984,0.00042,6,0.619,+-,0.16
46,T,0.266,0.39892,0.2193,0.08113,0.02504,0.00704,0.00188,0.0005,0.00014,0.00005,0,2,0.173,+-,0.108
47,K,0,0,0,0,0,0.00001,0.00013,0.00085,0.00412,0.02101,0.97387,11,1.485,+-,0.092
48,Y,0,0,0.00001,0.0007,0.00846,0.04014,0.10422,0.18065,0.2422,0.36009,0.06354,10,0.873,+-,0.203
49,P,0,0,0,0.00001,0.00022,0.00241,0.01318,0.04459,0.11004,0.28703,0.54252,11,1.223,+-,0.306
50,D,0,0,0,0,0,0,0.00002,0.00022,0.00145,0.00948,0.98883,11,1.494,+-,0.06
51,M,0.02413,0.37963,0.38525,0.15775,0.04226,0.00897,0.00166,0.00029,0.00005,0.00001,0,3,0.235,+-,0.095
52,L,0,0,0.00003,0.00099,0.00949,0.0397,0.09757,0.16787,0.23084,0.35985,0.09367,10,0.894,+-,0.228
53,A,0,0,0,0,0,0.00002,0.0002,0.0013,0.00603,0.029,0.96345,11,1.479,+-,0.108
54,N,0,0,0,0,0,0,0.00006,0.00055,0.00342,0.02046,0.97552,11,1.486,+-,0.088
55,K,0,0,0,0,0,0.00007,0.00072,0.00436,0.01799,0.07478,0.90208,11,1.443,+-,0.173
56,L,0.03045,0.41968,0.37464,0.13562,0.03228,0.00612,0.00102,0.00016,0.00002,0.00001,0,2,0.224,+-,0.09
57,E,0,0,0,0,0.00007,0.00107,0.00728,0.02929,0.08324,0.24427,0.63478,11,1.282,+-,0.291
58,S,0,0,0,0,0,0,0.00001,0.00015,0.00103,0.00706,0.99174,11,1.495,+-,0.051
59,L,0,0,0,0.00037,0.00559,0.03102,0.09052,0.17141,0.24564,0.38287,0.07257,10,0.888,+-,0.205
60,L,0.00033,0.06673,0.27,0.31331,0.20195,0.09376,0.03581,0.01224,0.00404,0.00182,0,4,0.367,+-,0.133
61,D,0,0.00003,0.00474,0.05255,0.1591,0.23292,0.21926,0.15716,0.09751,0.07577,0.00094,6,0.636,+-,0.164
62,A,0,0,0,0,0.00008,0.00104,0.00638,0.02442,0.06843,0.20344,0.69621,11,1.319,+-,0.277
63,R,0,0,0,0,0.00016,0.00218,0.01332,0.04803,0.12199,0.31873,0.49558,11,1.196,+-,0.307
64,V,0,0,0,0.00003,0.00077,0.00637,0.02746,0.07609,0.15807,0.35339,0.37782,11,1.116,+-,0.309
65,K,0,0,0.00002,0.00118,0.01342,0.05764,0.13315,0.20403,0.24166,0.31902,0.02988,10,0.831,+-,0.175
66,L,0.53757,0.35883,0.08704,0.0143,0.00198,0.00025,0.00003,0,0,0,0,1,0.109,+-,0.073
67,Q,0,0,0.00001,0.00037,0.00468,0.02435,0.07112,0.14128,0.21979,0.38124,0.15715,10,0.953,+-,0.259
68,S,0,0,0,0,0.00005,0.00082,0.00569,0.02297,0.06539,0.19415,0.71092,11,1.328,+-,0.273
69,N,0,0,0.00004,0.00184,0.01694,0.06369,0.13583,0.19946,0.23276,0.30968,0.03976,10,0.833,+-,0.19
70,W,0.91502,0.0712,0.0113,0.002,0.00038,0.00007,0.00002,0,0,0,0,1,0.06,+-,0.036
71,P,0,0,0.00044,0.00697,0.03509,0.09073,0.1531,0.19499,0.21017,0.27061,0.0379,10,0.807,+-,0.201
72,S,0.00004,0.01413,0.10368,0.2134,0.23859,0.1878,0.11879,0.06562,0.03417,0.02362,0.00016,5,0.492,+-,0.173
73,I,0.00009,0.03487,0.20149,0.30031,0.23659,0.13088,0.05874,0.0234,0.00896,0.00466,0.00001,4,0.407,+-,0.144
74,D,0,0.00263,0.07995,0.26077,0.30265,0.19988,0.09524,0.03781,0.01402,0.00703,0.00002,5,0.467,+-,0.138
75,T,0,0,0,0,0.00001,0.00023,0.00187,0.0091,0.0313,0.11218,0.8453,11,1.409,+-,0.214
76,D,0,0,0,0.00006,0.00139,0.01085,0.04154,0.10036,0.18259,0.36335,0.29986,10,1.059,+-,0.301
77,Y,0,0,0.0001,0.00303,0.02268,0.07532,0.1482,0.20551,0.22896,0.29193,0.02428,10,0.812,+-,0.176
78,P,0,0,0.00001,0.00063,0.00862,0.04201,0.10759,0.18139,0.23688,0.34689,0.07599,10,0.878,+-,0.215
79,D,0,0.01802,0.2275,0.37504,0.24399,0.09654,0.02891,0.00749,0.00187,0.00065,0,4,0.38,+-,0.113
80,M,0,0.00061,0.01744,0.08406,0.17153,0.21297,0.1932,0.14322,0.09527,0.08046,0.00124,6,0.62,+-,0.179
81,D,0,0,0,0.00013,0.00288,0.02054,0.071,0.1519,0.23918,0.4026,0.11177,10,0.926,+-,0.228
82,F,0.98725,0.01241,0.00033,0.00001,0,0,0,0,0,0,0,1,0.051,+-,0.012
83,W,0.91502,0.0712,0.0113,0.002,0.00038,0.00007,0.00002,0,0,0,0,1,0.06,+-,0.036
84,A,0,0,0.00001,0.00036,0.0042,0.02116,0.06213,0.12689,0.20585,0.37547,0.20393,10,0.987,+-,0.279
85,Y,0,0.00743,0.10751,0.2663,0.28349,0.18645,0.09112,0.03709,0.01384,0.00677,0.00001,5,0.457,+-,0.143
86,Q,0.00153,0.11343,0.31027,0.29297,0.16826,0.07324,0.027,0.00904,0.00295,0.00131,0,3,0.341,+-,0.132
87,W,0.761,0.17676,0.04685,0.01166,0.00283,0.00068,0.00016,0.00004,0.00001,0,0,1,0.082,+-,0.066
88,R,0,0,0,0.00008,0.00139,0.00922,0.03399,0.08444,0.16278,0.34691,0.36119,11,1.101,+-,0.311
89,K,0,0.00359,0.08059,0.24995,0.29721,0.20462,0.10097,0.04076,0.01501,0.00728,0.00001,5,0.47,+-,0.14
90,H,0.98783,0.01185,0.00031,0.00001,0,0,0,0,0,0,0,1,0.051,+-,0.011
91,G,0.95472,0.04119,0.00367,0.00037,0.00004,0,0,0,0,0,0,1,0.055,+-,0.024
92,V,0.00002,0.01305,0.11519,0.24205,0.25637,0.18362,0.10326,0.05005,0.0227,0.01365,0.00004,5,0.469,+-,0.159
93,C,0.98072,0.01852,0.00073,0.00003,0,0,0,0,0,0,0,1,0.052,+-,0.015
94,S,0.19765,0.47814,0.23823,0.06766,0.01486,0.00285,0.00051,0.00009,0.00002,0,0,2,0.174,+-,0.092
95,A,0,0,0.00035,0.00458,0.02236,0.06097,0.1143,0.16699,0.21027,0.31775,0.10242,10,0.879,+-,0.249
96,K,0,0,0.00035,0.00785,0.04467,0.11622,0.18432,0.21157,0.20011,0.22307,0.01184,10,0.765,+-,0.171
97,T,0,0.00087,0.02576,0.11709,0.21466,0.2328,0.18155,0.11481,0.06504,0.04707,0.00034,6,0.577,+-,0.169
98,L,0.19547,0.46717,0.24035,0.07365,0.01818,0.00406,0.00087,0.00019,0.00004,0.00001,0,2,0.177,+-,0.096
99,P,0,0,0,0.00009,0.00131,0.0084,0.031,0.07848,0.15545,0.34115,0.38412,11,1.117,+-,0.312
100,P,0.90014,0.08861,0.01004,0.00108,0.00012,0.00001,0,0,0,0,0,1,0.061,+-,0.036
101,E,0,0.00016,0.01114,0.07885,0.18713,0.23791,0.20503,0.13803,0.08124,0.06004,0.00047,6,0.609,+-,0.166
102,R,0,0,0,0,0.00002,0.00027,0.00198,0.009,0.03,0.1064,0.85234,11,1.413,+-,0.21
103,Y,0.97564,0.02313,0.00116,0.00007,0,0,0,0,0,0,0,1,0.053,+-,0.017
104,F,0.54431,0.34817,0.08905,0.01575,0.00234,0.00032,0.00004,0.00001,0,0,0,1,0.108,+-,0.074
105,E,0,0,0,0,0.00005,0.00051,0.003,0.01168,0.03462,0.113,0.83714,11,1.404,+-,0.221
106,R,0.48819,0.42462,0.07789,0.00849,0.00075,0.00006,0,0,0,0,0,1,0.111,+-,0.067
107,G,0.58904,0.33173,0.06833,0.00961,0.00115,0.00013,0.00001,0,0,0,0,1,0.1,+-,0.068
108,A,0.00026,0.05714,0.24917,0.31013,0.21327,0.10503,0.04228,0.01512,0.00519,0.00242,0,4,0.379,+-,0.137
109,L,0,0,0,0.00012,0.00215,0.01432,0.05038,0.11553,0.20149,0.3836,0.23241,10,1.013,+-,0.284
110,L,0.04557,0.37342,0.35303,0.15942,0.05095,0.01347,0.0032,0.00072,0.00016,0.00005,0,2,0.235,+-,0.105
111,S,0,0.00374,0.06764,0.20563,0.2676,0.21515,0.12873,0.06427,0.02946,0.01771,0.00006,5,0.502,+-,0.157
112,K,0,0,0.00001,0.00085,0.01017,0.04674,0.1163,0.19199,0.24442,0.34499,0.04452,10,0.852,+-,0.187
113,D,0,0,0.00001,0.00099,0.01226,0.05505,0.12978,0.20072,0.23969,0.32081,0.0407,10,0.841,+-,0.186
114,L,0.00007,0.03553,0.21528,0.31443,0.23526,0.12136,0.05023,0.01834,0.00642,0.00306,0,4,0.397,+-,0.137
115,D,0,0.00281,0.0903,0.28844,0.31263,0.18695,0.07896,0.02737,0.00877,0.00377,0,5,0.45,+-,0.129
116,L,0.19196,0.36496,0.25432,0.11868,0.04598,0.01613,0.00537,0.00175,0.00059,0.00028,0,2,0.205,+-,0.124
117,L,0,0.00188,0.03279,0.11654,0.19476,0.21154,0.17548,0.12262,0.07852,0.06491,0.00097,6,0.589,+-,0.183
118,N,0,0,0.00002,0.00099,0.01192,0.05354,0.12823,0.20216,0.24465,0.32772,0.03077,10,0.836,+-,0.174
119,I,0,0.00001,0.00215,0.03392,0.13021,0.22365,0.23312,0.17694,0.1123,0.08682,0.00089,7,0.658,+-,0.16
120,L,0.93166,0.05914,0.0078,0.00117,0.00019,0.00003,0.00001,0,0,0,0,1,0.058,+-,0.031
121,S,0,0,0,0.00002,0.00062,0.00618,0.02955,0.08581,0.17956,0.39264,0.30563,10,1.071,+-,0.295
122,R,0,0,0.00011,0.00353,0.0259,0.08155,0.1521,0.20288,0.22177,0.28308,0.02908,10,0.81,+-,0.184
123,S,0.00012,0.03346,0.18221,0.28138,0.23854,0.14387,0.07046,0.03045,0.01254,0.00694,0.00002,4,0.421,+-,0.152
124,G,0,0,0,0,0,0.00003,0.00034,0.00218,0.00974,0.04476,0.94295,11,1.467,+-,0.134
125,I,0.98402,0.01544,0.00052,0.00002,0,0,0,0,0,0,0,1,0.052,+-,0.013
126,F,0,0,0,0,0,0.00001,0.00014,0.00102,0.00501,0.02549,0.96832,11,1.482,+-,0.101
127,P,0.85917,0.11869,0.01882,0.00283,0.00042,0.00006,0.00001,0,0,0,0,1,0.067,+-,0.045
128,G,0.11463,0.52104,0.27686,0.07163,0.01338,0.00211,0.0003,0.00004,0.00001,0,0,2,0.186,+-,0.085
129,T,0,0,0,0,0.00011,0.00124,0.00729,0.02693,0.07318,0.21205,0.67919,11,1.308,+-,0.283
130,T,0,0,0,0.00002,0.00063,0.00574,0.02615,0.07474,0.15785,0.35568,0.37919,11,1.117,+-,0.308
131,L,0,0,0,0,0.00002,0.00028,0.00191,0.00835,0.02724,0.09615,0.86603,11,1.421,+-,0.202
132,T,0,0,0.00051,0.00803,0.03932,0.09842,0.1609,0.1988,0.20787,0.25943,0.02672,10,0.792,+-,0.19
133,K,0.88599,0.10508,0.00834,0.00056,0.00004,0,0,0,0,0,0,1,0.062,+-,0.036
134,D,0.00009,0.10164,0.42995,0.32551,0.11208,0.02534,0.00454,0.00072,0.00011,0.00003,0,3,0.305,+-,0.095
135,A,0,0.00001,0.0019,0.02558,0.09801,0.18267,0.21687,0.19281,0.14539,0.13362,0.00315,7,0.695,+-,0.168
136,I,0.93858,0.05699,0.00412,0.00029,0.00002,0,0,0,0,0,0,1,0.057,+-,0.027
137,K,0.02648,0.39838,0.38116,0.14716,0.03747,0.00766,0.00139,0.00024,0.00004,0.00001,0,2,0.23,+-,0.093
138,T,0,0,0,0.00012,0.00218,0.01472,0.05209,0.11935,0.20694,0.39024,0.21436,10,1.001,+-,0.277
139,A,0.74464,0.21044,0.03842,0.00564,0.00076,0.0001,0.00001,0,0,0,0,1,0.081,+-,0.058
140,I,0.76187,0.21377,0.02255,0.00169,0.00011,0.00001,0,0,0,0,0,1,0.076,+-,0.05
141,G,0,0,0.00019,0.00342,0.01972,0.05919,0.11681,0.17434,0.21944,0.32593,0.08095,10,0.867,+-,0.23
142,K,0,0,0.00007,0.00309,0.02664,0.09013,0.16953,0.21751,0.22106,0.25711,0.01486,10,0.79,+-,0.166
143,A,0.00012,0.05539,0.27689,0.33393,0.20569,0.08686,0.02921,0.00859,0.0024,0.00091,0,4,0.363,+-,0.124
144,H,0.36592,0.40227,0.16726,0.04857,0.0122,0.00289,0.00067,0.00016,0.00004,0.00001,0,2,0.145,+-,0.095
145,G,0,0.00101,0.03165,0.13981,0.24051,0.24007,0.17007,0.09669,0.04881,0.03128,0.0001,5,0.552,+-,0.161
146,E,0,0,0,0.00003,0.00051,0.0041,0.01797,0.05239,0.11713,0.287,0.52086,11,1.207,+-,0.312
147,V,0.24359,0.49015,0.20515,0.04971,0.00948,0.00161,0.00026,0.00004,0.00001,0,0,2,0.16,+-,0.087
148,F,0.00199,0.13701,0.34349,0.29037,0.1467,0.05556,0.01773,0.00514,0.00145,0.00056,0,3,0.322,+-,0.122
149,I,0.24285,0.48936,0.20594,0.05025,0.00964,0.00164,0.00027,0.00004,0.00001,0,0,2,0.16,+-,0.087
150,S,0.00033,0.04017,0.17563,0.25828,0.22619,0.14772,0.08073,0.03975,0.01891,0.01223,0.00007,4,0.433,+-,0.166
151,C,0.97947,0.01967,0.00082,0.00004,0,0,0,0,0,0,0,1,0.052,+-,0.015
152,S,0,0,0,0,0.00004,0.00037,0.00211,0.00825,0.02514,0.08559,0.87851,11,1.428,+-,0.195
153,R,0,0,0.00006,0.0025,0.02233,0.07894,0.15568,0.21011,0.22565,0.27854,0.02619,10,0.809,+-,0.178
154,N,0,0,0,0.00023,0.00383,0.02252,0.06931,0.13952,0.21589,0.37073,0.17795,10,0.967,+-,0.269
155,T,0,0,0,0.00001,0.00025,0.00288,0.01611,0.0542,0.13046,0.32692,0.46917,11,1.178,+-,0.309
156,G,0,0,0,0.00013,0.00235,0.01562,0.05446,0.12304,0.21044,0.39145,0.20252,10,0.992,+-,0.273
157,T,0,0.00003,0.00444,0.04924,0.15323,0.23103,0.22234,0.16128,0.10023,0.07732,0.00087,6,0.64,+-,0.163
158,Y,0.41532,0.4615,0.10695,0.0145,0.00156,0.00015,0.00001,0,0,0,0,2,0.123,+-,0.072
159,L,0.93484,0.05689,0.0071,0.001,0.00015,0.00002,0,0,0,0,0,1,0.057,+-,0.03
160,R,0.00208,0.1337,0.32689,0.28446,0.15429,0.0645,0.02307,0.00755,0.00241,0.00105,0,3,0.33,+-,0.13
161,E,0.986,0.01359,0.0004,0.00001,0,0,0,0,0,0,0,1,0.051,+-,0.012
162,V,0.15296,0.4474,0.27173,0.09456,0.02556,0.00606,0.00135,0.00029,0.00007,0.00002,0,2,0.192,+-,0.1
163,Y,0.19892,0.4775,0.23738,0.06765,0.01499,0.00292,0.00053,0.00009,0.00002,0,0,2,0.173,+-,0.092
164,L,0.00324,0.15021,0.34111,0.28046,0.14265,0.05561,0.01856,0.0057,0.00173,0.00073,0,3,0.319,+-,0.125
165,C,0.96788,0.03004,0.00193,0.00014,0.00001,0,0,0,0,0,0,1,0.053,+-,0.02
166,M,0.89117,0.10096,0.00741,0.00044,0.00002,0,0,0,0,0,0,1,0.062,+-,0.035
167,D,0.9952,0.00475,0.00005,0,0,0,0,0,0,0,0,1,0.05,+-,0.007
168,E,0,0.00004,0.0028,0.02609,0.0867,0.15843,0.19787,0.19257,0.16215,0.16703,0.00631,7,0.715,+-,0.178
169,F,0,0.00002,0.00264,0.02875,0.10002,0.17983,0.21265,0.19113,0.14628,0.13593,0.00275,7,0.694,+-,0.17
170,A,0.89901,0.08941,0.0103,0.00114,0.00013,0.00001,0,0,0,0,0,1,0.061,+-,0.036
171,L,0,0,0,0,0.00003,0.00047,0.0034,0.01469,0.04534,0.1471,0.78895,11,1.375,+-,0.243
172,K,0,0.00518,0.11101,0.29632,0.29857,0.17533,0.07474,0.02643,0.00864,0.00377,0,5,0.442,+-,0.131
173,Y,0.74213,0.21184,0.03924,0.00587,0.0008,0.00011,0.00001,0,0,0,0,1,0.081,+-,0.058
174,I,0.05371,0.39537,0.34381,0.14636,0.0452,0.01183,0.00285,0.00067,0.00016,0.00006,0,2,0.229,+-,0.103
175,P,0.00002,0.0173,0.1372,0.26188,0.25474,0.1695,0.08958,0.04126,0.01798,0.01051,0.00003,4,0.451,+-,0.156
176,C,0.9553,0.04073,0.00358,0.00035,0.00004,0,0,0,0,0,0,1,0.055,+-,0.024
177,P,0.4174,0.40134,0.14031,0.03304,0.0065,0.00117,0.0002,0.00003,0.00001,0,0,1,0.131,+-,0.086
178,A,0,0,0.00002,0.00071,0.00697,0.03053,0.07987,0.14786,0.22004,0.37159,0.14241,10,0.937,+-,0.255
179,N,0,0.01254,0.15578,0.3185,0.27618,0.14809,0.05955,0.02022,0.0064,0.00271,0,4,0.42,+-,0.13
180,P,0,0,0,0,0.00001,0.00019,0.00141,0.00657,0.02267,0.08404,0.88511,11,1.433,+-,0.188
181,T,0.00051,0.13317,0.40242,0.30187,0.11915,0.03325,0.00763,0.00158,0.00032,0.00009,0,3,0.305,+-,0.104
182,G,0,0.00016,0.01863,0.13639,0.27394,0.26733,0.16873,0.08167,0.03451,0.01858,0.00003,5,0.541,+-,0.144
183,C,0.97779,0.0212,0.00096,0.00005,0,0,0,0,0,0,0,1,0.052,+-,0.016
184,G,0.86703,0.1132,0.01697,0.00241,0.00034,0.00005,0.00001,0,0,0,0,1,0.066,+-,0.043
185,F,0,0,0,0,0,0.00005,0.00044,0.00248,0.01008,0.04352,0.94342,11,1.467,+-,0.135
186,R,0,0,0.00026,0.0071,0.04348,0.11468,0.18119,0.20786,0.19907,0.22836,0.01799,10,0.772,+-,0.18
187,I,0.98443,0.01506,0.00049,0.00002,0,0,0,0,0,0,0,1,0.052,+-,0.013